index,table_id,table_name,download_URL,accessURL,data_format,last_update,dataset_id,dataset_name,frequency
0,a154f70f-ca8e-4d6a-8dcf-6d63662463eb,CNIL: les délibérations de la Commission nationale de l'informatique et des libertés,https://echanges.dila.gouv.fr/OPENDATA/CNIL/,https://www.data.gouv.fr/datasets/53ca2dc6a3a7294a1ddd7848/#resource-a154f70f-ca8e-4d6a-8dcf-6d63662463eb,xml,2024-02-10T10:22:58.151456,53ca2dc6a3a7294a1ddd7848,les-deliberations-de-la-cnil,monthly
1,fbf9df01-36e9-4475-839d-4e63d869d2af,Les traitements de données personnelles déclarés à la CNIL entre 1979 et le 24 mai 2018,https://www.cnil.fr/fr/les-formalites-prealables-accomplies-aupres-de-la-cnil-avant-le-25-mai-2018,https://www.data.gouv.fr/datasets/555defefc751df4b6ec98e0f/#resource-fbf9df01-36e9-4475-839d-4e63d869d2af,csv,2024-02-09T19:44:07,555defefc751df4b6ec98e0f,traitements-de-donnees-personnelles-declares-a-la-cnil-avant-le-25-mai-2018,weekly
2,b2f8954c-f0a4-4f60-a3eb-be55a0acf382,Formalités préalables reçues par la CNIL depuis le 25 mai 2018,https://declarations.cnil.fr/opendata_declaration.xlsx,https://www.data.gouv.fr/datasets/5ef476d329a15f93d8a66bd1/#resource-b2f8954c-f0a4-4f60-a3eb-be55a0acf382,xlsx,2024-02-05T02:57:35,5ef476d329a15f93d8a66bd1,traitements-de-donnees-personnelles-declares-a-la-cnil-depuis-le-25-mai-2018,weekly
3,e7d67485-f5a8-4ad2-9554-4cb56e2643e2,Formalités préalables reçues par la CNIL depuis le 25 mai 2018,https://declarations.cnil.fr/opendata_declaration.csv,https://www.data.gouv.fr/datasets/5ef476d329a15f93d8a66bd1/#resource-e7d67485-f5a8-4ad2-9554-4cb56e2643e2,csv,2024-02-05T02:57:32,5ef476d329a15f93d8a66bd1,traitements-de-donnees-personnelles-declares-a-la-cnil-depuis-le-25-mai-2018,weekly
4,5c926a7a634f410578005c68,Organismes ayant désigné un(e) délégué(e) à la protection des données (DPD/DPO),,https://www.data.gouv.fr/datasets/5c926a7a634f410578005c68/,,2024-01-30T10:06:46.769000,5c926a7a634f410578005c68,organismes-ayant-designe-un-e-delegue-e-a-la-protection-des-donnees-dpd-dpo,monthly
5,4f5250be-bbb6-40a0-a4bf-8a53adee0cc2,opencnil-organismes-avec-dpo.xlsx,https://static.data.gouv.fr/resources/organismes-ayant-designe-un-e-delegue-e-a-la-protection-des-donnees-dpd-dpo/20240130-100638/opencnil-organismes-avec-dpo.xlsx,https://www.data.gouv.fr/datasets/5c926a7a634f410578005c68/#resource-4f5250be-bbb6-40a0-a4bf-8a53adee0cc2,xlsx,2024-01-30T10:06:46.744000,5c926a7a634f410578005c68,organismes-ayant-designe-un-e-delegue-e-a-la-protection-des-donnees-dpd-dpo,monthly
6,c5d02b42-1008-4406-83f5-3a81c8b936a3,opencnil-organismes-avec-dpo.csv,https://static.data.gouv.fr/resources/organismes-ayant-designe-un-e-delegue-e-a-la-protection-des-donnees-dpd-dpo/20240130-100614/opencnil-organismes-avec-dpo.csv,https://www.data.gouv.fr/datasets/5c926a7a634f410578005c68/#resource-c5d02b42-1008-4406-83f5-3a81c8b936a3,csv,2024-01-30T10:06:22.551000,5c926a7a634f410578005c68,organismes-ayant-designe-un-e-delegue-e-a-la-protection-des-donnees-dpd-dpo,monthly
7,5cd42a86634f4147a23df1be,Notifications à la CNIL de violations de données à caractère personnel,,https://www.data.gouv.fr/datasets/5cd42a86634f4147a23df1be/,,2023-12-21T10:55:24.615000,5cd42a86634f4147a23df1be,notifications-a-la-cnil-de-violations-de-donnees-a-caractere-personnel,quarterly
8,df0e0dad-11f6-4569-99cd-8f6250a3c89a,opencnil-violationsdcpnotifiees-20230930.xlsx,https://static.data.gouv.fr/resources/notifications-a-la-cnil-de-violations-de-donnees-a-caractere-personnel/20231221-105520/opencnil-violationsdcpnotifiees-20230930.xlsx,https://www.data.gouv.fr/datasets/5cd42a86634f4147a23df1be/#resource-df0e0dad-11f6-4569-99cd-8f6250a3c89a,xlsx,2023-12-21T10:55:24.595000,5cd42a86634f4147a23df1be,notifications-a-la-cnil-de-violations-de-donnees-a-caractere-personnel,quarterly
9,4c176588-a444-4dc7-b6bf-60390ae7e5be,opencnil-violationsdcpnotifiees-20230930.csv,https://static.data.gouv.fr/resources/notifications-a-la-cnil-de-violations-de-donnees-a-caractere-personnel/20231221-105505/opencnil-violationsdcpnotifiees-20230930.csv,https://www.data.gouv.fr/datasets/5cd42a86634f4147a23df1be/#resource-4c176588-a444-4dc7-b6bf-60390ae7e5be,csv,2023-12-21T10:55:09.641000,5cd42a86634f4147a23df1be,notifications-a-la-cnil-de-violations-de-donnees-a-caractere-personnel,quarterly
10,5ccf8b81-6b2c-419d-9013-2ac88506a7aa,opencnil-sanctions-depuis-2019-maj-nov-2023.csv,https://static.data.gouv.fr/resources/sanctions-prononcees-par-la-cnil/20231124-180255/opencnil-sanctions-depuis-2019-maj-nov-2023.csv,https://www.data.gouv.fr/datasets/591af43d88ee3826b379093a/#resource-5ccf8b81-6b2c-419d-9013-2ac88506a7aa,csv,2023-11-24T19:02:55.718000,591af43d88ee3826b379093a,sanctions-prononcees-par-la-cnil,annual
11,591af43d88ee3826b379093a,Sanctions prononcées par la CNIL,,https://www.data.gouv.fr/datasets/591af43d88ee3826b379093a/,,2023-11-24T18:04:17.494000,591af43d88ee3826b379093a,sanctions-prononcees-par-la-cnil,annual
12,f4388338-2398-4bde-af90-44f6c3992639,opencnil-sanctions-depuis-2019-maj-nov-2023.xlsx,https://static.data.gouv.fr/resources/sanctions-prononcees-par-la-cnil/20231124-180408/opencnil-sanctions-depuis-2019-maj-nov-2023.xlsx,https://www.data.gouv.fr/datasets/591af43d88ee3826b379093a/#resource-f4388338-2398-4bde-af90-44f6c3992639,xlsx,2023-11-24T18:04:17.483000,591af43d88ee3826b379093a,sanctions-prononcees-par-la-cnil,annual
13,5ef476d329a15f93d8a66bd1,Traitements de données personnelles déclarés à la CNIL depuis le 25 mai 2018,,https://www.data.gouv.fr/datasets/5ef476d329a15f93d8a66bd1/,,2023-11-21T11:28:20.888000,5ef476d329a15f93d8a66bd1,traitements-de-donnees-personnelles-declares-a-la-cnil-depuis-le-25-mai-2018,weekly
14,04b202c5-d30f-42a4-8d04-3e2f60c64029,DTD CNIL ,https://echanges.dila.gouv.fr/OPENDATA/DTD_LEGIFRANCE,https://www.data.gouv.fr/datasets/53ca2dc6a3a7294a1ddd7848/#resource-04b202c5-d30f-42a4-8d04-3e2f60c64029,dtd,2023-11-17T09:22:43.781477,53ca2dc6a3a7294a1ddd7848,les-deliberations-de-la-cnil,monthly
15,5728c163c751df28b64e291f,Protection des données personnelles dans le monde,,https://www.data.gouv.fr/datasets/5728c163c751df28b64e291f/,,2023-11-09T09:12:50.142000,5728c163c751df28b64e291f,protection-des-donnees-personnelles-dans-le-monde,annual
16,00037755-4460-421f-be37-00dedbd66994,opencnil-autorites-de-protection-vd-20231010.xlsx,https://static.data.gouv.fr/resources/protection-des-donnees-personnelles-dans-le-monde/20231109-091242/opencnil-autorites-de-protection-vd-20231010.xlsx,https://www.data.gouv.fr/datasets/5728c163c751df28b64e291f/#resource-00037755-4460-421f-be37-00dedbd66994,xlsx,2023-11-09T09:12:50.118000,5728c163c751df28b64e291f,protection-des-donnees-personnelles-dans-le-monde,annual
17,4896dbe0-dafa-448d-81b5-ef7fdc26ddb7,opencnil-autorites-de-protection-vd-20231010.csv,https://static.data.gouv.fr/resources/protection-des-donnees-personnelles-dans-le-monde/20231109-091231/opencnil-autorites-de-protection-vd-20231010.csv,https://www.data.gouv.fr/datasets/5728c163c751df28b64e291f/#resource-4896dbe0-dafa-448d-81b5-ef7fdc26ddb7,csv,2023-11-09T09:12:34.137000,5728c163c751df28b64e291f,protection-des-donnees-personnelles-dans-le-monde,annual
18,555c431bc751df5800190c78,Contrôles réalisés par la CNIL,,https://www.data.gouv.fr/datasets/555c431bc751df5800190c78/,,2023-10-03T08:31:20.691000,555c431bc751df5800190c78,controles-realises-par-la-cnil,annual
19,ff243a18-37c3-484f-b065-807282a7fc96,open-data-controles-cnil-2022-v20231003.csv,https://static.data.gouv.fr/resources/controles-realises-par-la-cnil/20231003-083117/open-data-controles-cnil-2022-v20231003.csv,https://www.data.gouv.fr/datasets/555c431bc751df5800190c78/#resource-ff243a18-37c3-484f-b065-807282a7fc96,csv,2023-10-03T08:31:20.664000,555c431bc751df5800190c78,controles-realises-par-la-cnil,annual
20,cfc93e3e-a125-435a-b4eb-aef84759c695,open-data-controles-cnil-2022-v20231003.xlsx,https://static.data.gouv.fr/resources/controles-realises-par-la-cnil/20231003-083055/open-data-controles-cnil-2022-v20231003.xlsx,https://www.data.gouv.fr/datasets/555c431bc751df5800190c78/#resource-cfc93e3e-a125-435a-b4eb-aef84759c695,xlsx,2023-10-03T08:30:58.180000,555c431bc751df5800190c78,controles-realises-par-la-cnil,annual
21,591acfbb88ee387bd5a92ab7,Mises en demeure prononcées par la CNIL,,https://www.data.gouv.fr/datasets/591acfbb88ee387bd5a92ab7/,,2023-08-25T09:14:21.158000,591acfbb88ee387bd5a92ab7,mises-en-demeure-prononcees-par-la-cnil,annual
22,c153ef05-e8dc-40f1-837c-77ae2b2f091f,open-cnil-volumes-med-depuis-2014-maj-aout-2023.csv,https://static.data.gouv.fr/resources/mises-en-demeure-prononcees-par-la-cnil/20230825-091415/open-cnil-volumes-med-depuis-2014-maj-aout-2023.csv,https://www.data.gouv.fr/datasets/591acfbb88ee387bd5a92ab7/#resource-c153ef05-e8dc-40f1-837c-77ae2b2f091f,csv,2023-08-25T09:14:21.132000,591acfbb88ee387bd5a92ab7,mises-en-demeure-prononcees-par-la-cnil,annual
23,731f781b-2424-4ca2-b53d-c2d2f6f3f783,open-cnil-volumes-med-depuis-2014-maj-aout-2023.xlsx,https://static.data.gouv.fr/resources/mises-en-demeure-prononcees-par-la-cnil/20230825-091339/open-cnil-volumes-med-depuis-2014-maj-aout-2023.xlsx,https://www.data.gouv.fr/datasets/591acfbb88ee387bd5a92ab7/#resource-731f781b-2424-4ca2-b53d-c2d2f6f3f783,xlsx,2023-08-25T09:13:45.173000,591acfbb88ee387bd5a92ab7,mises-en-demeure-prononcees-par-la-cnil,annual
24,555b6af2c751df4bb8190c7a,Exercice des droits indirect (données générales),,https://www.data.gouv.fr/datasets/555b6af2c751df4bb8190c7a/,,2023-06-28T10:03:27.303000,555b6af2c751df4bb8190c7a,exercice-des-droits-indirect-donnees-generales,annual
25,c7233d42-5450-4802-95e4-36cd543154a4,opencnil-volumes-dai-edi-depuis-1984-maj-juin-2023.csv,https://static.data.gouv.fr/resources/exercice-des-droits-indirect-donnees-generales/20230628-100320/opencnil-volumes-dai-edi-depuis-1984-maj-juin-2023.csv,https://www.data.gouv.fr/datasets/555b6af2c751df4bb8190c7a/#resource-c7233d42-5450-4802-95e4-36cd543154a4,csv,2023-06-28T10:03:27.285000,555b6af2c751df4bb8190c7a,exercice-des-droits-indirect-donnees-generales,annual
26,eab9bca1-e38e-4d0e-9a4e-d63c9d12347d,opencnil-volumes-dai-edi-depuis-1984-maj-juin-2023.xlsx,https://static.data.gouv.fr/resources/exercice-des-droits-indirect-donnees-generales/20230628-100221/opencnil-volumes-dai-edi-depuis-1984-maj-juin-2023.xlsx,https://www.data.gouv.fr/datasets/555b6af2c751df4bb8190c7a/#resource-eab9bca1-e38e-4d0e-9a4e-d63c9d12347d,xlsx,2023-06-28T10:02:29.507000,555b6af2c751df4bb8190c7a,exercice-des-droits-indirect-donnees-generales,annual
27,555b4d3dc751df496d190c78,Budget de la CNIL,,https://www.data.gouv.fr/datasets/555b4d3dc751df496d190c78/,,2023-06-28T09:36:31.491000,555b4d3dc751df496d190c78,budget-de-la-cnil-1,annual
28,bfdccb1c-6451-48af-a0d2-ab463bb6e7e7,opencnil-budget-depuis-2000-maj-juin-2023.csv,https://static.data.gouv.fr/resources/budget-de-la-cnil-1/20230628-093624/opencnil-budget-depuis-2000-maj-juin-2023.csv,https://www.data.gouv.fr/datasets/555b4d3dc751df496d190c78/#resource-bfdccb1c-6451-48af-a0d2-ab463bb6e7e7,csv,2023-06-28T09:36:31.470000,555b4d3dc751df496d190c78,budget-de-la-cnil-1,annual
29,50b040ea-569a-4d53-8a2d-83013a6f723f,opencnil-budget-depuis-2000-maj-juin-2023.xlsx,https://static.data.gouv.fr/resources/budget-de-la-cnil-1/20230628-093536/opencnil-budget-depuis-2000-maj-juin-2023.xlsx,https://www.data.gouv.fr/datasets/555b4d3dc751df496d190c78/#resource-50b040ea-569a-4d53-8a2d-83013a6f723f,xlsx,2023-06-28T09:35:45.591000,555b4d3dc751df496d190c78,budget-de-la-cnil-1,annual
30,555b5347c751df49c8190c79,Effectifs de la CNIL,,https://www.data.gouv.fr/datasets/555b5347c751df49c8190c79/,,2023-06-28T09:34:40.715000,555b5347c751df49c8190c79,effectifs-de-la-cnil,annual
31,b8ba80b6-e558-46d5-8e53-af9b65348b63,opencnil-effectifs-depuis-1980-maj-juin-2023.xlsx,https://static.data.gouv.fr/resources/effectifs-de-la-cnil/20230628-093430/opencnil-effectifs-depuis-1980-maj-juin-2023.xlsx,https://www.data.gouv.fr/datasets/555b5347c751df49c8190c79/#resource-b8ba80b6-e558-46d5-8e53-af9b65348b63,xlsx,2023-06-28T09:34:40.681000,555b5347c751df49c8190c79,effectifs-de-la-cnil,annual
32,50efdf95-7d6e-489c-a3ad-ad14243e6e24,opencnil-effectifs-depuis-1980-maj-juin-2023.csv,https://static.data.gouv.fr/resources/effectifs-de-la-cnil/20230628-093405/opencnil-effectifs-depuis-1980-maj-juin-2023.csv,https://www.data.gouv.fr/datasets/555b5347c751df49c8190c79/#resource-50efdf95-7d6e-489c-a3ad-ad14243e6e24,csv,2023-06-28T09:34:11.705000,555b5347c751df49c8190c79,effectifs-de-la-cnil,annual
33,555b616ec751df4bb2190c78,Plaintes reçues par la CNIL,,https://www.data.gouv.fr/datasets/555b616ec751df4bb2190c78/,,2023-06-28T08:36:12.428000,555b616ec751df4bb2190c78,plaintes-recues-par-la-cnil,annual
34,8af52489-56d6-4d17-b998-7bc837359dae,opencnil-volumes-plaintes-depuis-1981-maj-juin-2023.xlsx,https://static.data.gouv.fr/resources/plaintes-recues-par-la-cnil/20230628-083606/opencnil-volumes-plaintes-depuis-1981-maj-juin-2023.xlsx,https://www.data.gouv.fr/datasets/555b616ec751df4bb2190c78/#resource-8af52489-56d6-4d17-b998-7bc837359dae,xlsx,2023-06-28T08:36:12.409000,555b616ec751df4bb2190c78,plaintes-recues-par-la-cnil,annual
35,0f678674-4327-4c4d-8819-b6f508b41d0e,opencnil-volumes-plaintes-depuis-1981-maj-juin-2023.csv,https://static.data.gouv.fr/resources/plaintes-recues-par-la-cnil/20230628-083540/opencnil-volumes-plaintes-depuis-1981-maj-juin-2023.csv,https://www.data.gouv.fr/datasets/555b616ec751df4bb2190c78/#resource-0f678674-4327-4c4d-8819-b6f508b41d0e,csv,2023-06-28T08:35:46.905000,555b616ec751df4bb2190c78,plaintes-recues-par-la-cnil,annual
36,3f43b14a-c403-4235-b0bd-91d6a84cc949,opencnil-nombre-controles-depuis-1990-maj-juin-2023.csv,https://static.data.gouv.fr/resources/controles-realises-par-la-cnil/20230628-081434/opencnil-nombre-controles-depuis-1990-maj-juin-2023.csv,https://www.data.gouv.fr/datasets/555c431bc751df5800190c78/#resource-3f43b14a-c403-4235-b0bd-91d6a84cc949,csv,2023-06-28T08:14:40.613000,555c431bc751df5800190c78,controles-realises-par-la-cnil,annual
37,d6fd9a3d-c1e4-408c-a640-2cba1c016851,opencnil-nombre-controles-depuis-1990-maj-juin-2023.xlsx,https://static.data.gouv.fr/resources/controles-realises-par-la-cnil/20230628-081348/opencnil-nombre-controles-depuis-1990-maj-juin-2023.xlsx,https://www.data.gouv.fr/datasets/555c431bc751df5800190c78/#resource-d6fd9a3d-c1e4-408c-a640-2cba1c016851,xlsx,2023-06-28T08:13:57.738000,555c431bc751df5800190c78,controles-realises-par-la-cnil,annual
38,a98f65fa-a4e7-465e-8ab0-9bd8548fdf21,open-data-controles-2021-v20220921.csv,https://static.data.gouv.fr/resources/controles-realises-par-la-cnil/20221025-111715/open-data-controles-2021-v20220921.csv,https://www.data.gouv.fr/datasets/555c431bc751df5800190c78/#resource-a98f65fa-a4e7-465e-8ab0-9bd8548fdf21,csv,2022-10-25T11:17:20.715000,555c431bc751df5800190c78,controles-realises-par-la-cnil,annual
39,1885ab39-5195-49d3-9459-8e586cf73c9e,open-data-controles-2021-v20220921.xlsx,https://static.data.gouv.fr/resources/controles-realises-par-la-cnil/20221025-111639/open-data-controles-2021-v20220921.xlsx,https://www.data.gouv.fr/datasets/555c431bc751df5800190c78/#resource-1885ab39-5195-49d3-9459-8e586cf73c9e,xlsx,2022-10-25T11:16:45.784000,555c431bc751df5800190c78,controles-realises-par-la-cnil,annual
40,40f96c85-5d8c-4865-814a-5466b37208e3,open-data-controles-2020-vd-20210603.csv,https://static.data.gouv.fr/resources/controles-realises-par-la-cnil/20210603-121859/open-data-controles-2020-vd-20210603.csv,https://www.data.gouv.fr/datasets/555c431bc751df5800190c78/#resource-40f96c85-5d8c-4865-814a-5466b37208e3,csv,2021-06-03T12:20:05.878000,555c431bc751df5800190c78,controles-realises-par-la-cnil,annual
41,412e3968-f7b7-493f-9b32-cef9b23f5a0b,open-data-controles-2020-vd-20210603.xlsx,https://static.data.gouv.fr/resources/controles-realises-par-la-cnil/20210603-121635/open-data-controles-2020-vd-20210603.xlsx,https://www.data.gouv.fr/datasets/555c431bc751df5800190c78/#resource-412e3968-f7b7-493f-9b32-cef9b23f5a0b,xlsx,2021-06-03T12:16:52.934000,555c431bc751df5800190c78,controles-realises-par-la-cnil,annual
42,555c53c0c751df5d48190c78,Marchés publics de la CNIL ,,https://www.data.gouv.fr/datasets/555c53c0c751df5d48190c78/,,2021-06-02T10:47:27.005000,555c53c0c751df5d48190c78,marches-publics-de-la-cnil,annual
43,ff8a9567-f80d-412b-a09a-471e37a8e038,opencnil-marches-publics-2014-2020.xlsx,https://static.data.gouv.fr/resources/marches-publics-de-la-cnil/20210602-104255/opencnil-marches-publics-2014-2020.xlsx,https://www.data.gouv.fr/datasets/555c53c0c751df5d48190c78/#resource-ff8a9567-f80d-412b-a09a-471e37a8e038,xlsx,2021-06-02T10:43:06.673000,555c53c0c751df5d48190c78,marches-publics-de-la-cnil,annual
44,561bd5d4c751df5cbacdbb48,"Droit d'accès indirect (TAJ, STIC, JUDEX)",,https://www.data.gouv.fr/datasets/561bd5d4c751df5cbacdbb48/,,2021-06-02T10:12:23.751000,561bd5d4c751df5cbacdbb48,droit-dacces-indirect-taj-stic-judex,annual
45,442bc874-6247-4963-b879-7dd004a0cc68,opencnil-liste-controles-2019.xlsx,https://static.data.gouv.fr/resources/controles-realises-par-la-cnil/20201113-214056/opencnil-liste-controles-2019.xlsx,https://www.data.gouv.fr/datasets/555c431bc751df5800190c78/#resource-442bc874-6247-4963-b879-7dd004a0cc68,xlsx,2020-11-13T21:41:09.526000,555c431bc751df5800190c78,controles-realises-par-la-cnil,annual
46,c6023aa0-4e62-4855-acec-2cff5dfabc8e,opencnil-liste-controles-2019.csv,https://static.data.gouv.fr/resources/controles-realises-par-la-cnil/20200703-154030/opencnil-liste-controles-2019.csv,https://www.data.gouv.fr/datasets/555c431bc751df5800190c78/#resource-c6023aa0-4e62-4855-acec-2cff5dfabc8e,csv,2020-07-03T15:40:47.050000,555c431bc751df5800190c78,controles-realises-par-la-cnil,annual
47,4cf98e07-b37f-44a3-b8f1-b36e35a3d6d1,opencnil-liste-controles-2018.csv,https://static.data.gouv.fr/resources/controles-realises-par-la-cnil/20190516-120506/opencnil-liste-controles-2018.csv,https://www.data.gouv.fr/datasets/555c431bc751df5800190c78/#resource-4cf98e07-b37f-44a3-b8f1-b36e35a3d6d1,csv,2019-05-16T12:05:14.591000,555c431bc751df5800190c78,controles-realises-par-la-cnil,annual
48,6583e296-e192-42e4-9611-dd7c2212b6f7,opencnil-liste-controles-2018.xlsx,https://static.data.gouv.fr/resources/controles-realises-par-la-cnil/20190516-120433/opencnil-liste-controles-2018.xlsx,https://www.data.gouv.fr/datasets/555c431bc751df5800190c78/#resource-6583e296-e192-42e4-9611-dd7c2212b6f7,xlsx,2019-05-16T12:04:43.092000,555c431bc751df5800190c78,controles-realises-par-la-cnil,annual
49,7701f9a3-2c6b-43de-bf85-3fe5ba50b90c,open-cnil-ventilation-sanctions-depuis-2014-vd.csv,https://static.data.gouv.fr/resources/sanctions-prononcees-par-la-cnil/20190514-165447/open-cnil-ventilation-sanctions-depuis-2014-vd.csv,https://www.data.gouv.fr/datasets/591af43d88ee3826b379093a/#resource-7701f9a3-2c6b-43de-bf85-3fe5ba50b90c,csv,2019-05-14T16:54:53.357000,591af43d88ee3826b379093a,sanctions-prononcees-par-la-cnil,annual
50,3c313b29-f4a1-4ce3-bfbb-c418b7694f0b,open-cnil-ventilation-sanctions-depuis-2014-vd.xlsx,https://static.data.gouv.fr/resources/sanctions-prononcees-par-la-cnil/20190514-165405/open-cnil-ventilation-sanctions-depuis-2014-vd.xlsx,https://www.data.gouv.fr/datasets/591af43d88ee3826b379093a/#resource-3c313b29-f4a1-4ce3-bfbb-c418b7694f0b,xlsx,2019-05-14T16:54:10.496000,591af43d88ee3826b379093a,sanctions-prononcees-par-la-cnil,annual
51,162e9b42-5b26-4050-affb-fd0c4a0ded5c,opencnil-dai-stic-judex-taj-maj-janvier-2019.xlsx,https://static.data.gouv.fr/resources/droit-dacces-indirect-taj-stic-judex/20190513-182942/opencnil-dai-stic-judex-taj-maj-janvier-2019.xlsx,https://www.data.gouv.fr/datasets/561bd5d4c751df5cbacdbb48/#resource-162e9b42-5b26-4050-affb-fd0c4a0ded5c,xlsx,2019-05-13T18:29:54.303000,561bd5d4c751df5cbacdbb48,droit-dacces-indirect-taj-stic-judex,annual
52,b3b36cf7-9b7d-4cca-823c-3e5832b191ac,opencnil-dai-stic-judex-taj-maj-janvier-2019.csv,https://static.data.gouv.fr/resources/droit-dacces-indirect-taj-stic-judex/20190513-182503/opencnil-dai-stic-judex-taj-maj-janvier-2019.csv,https://www.data.gouv.fr/datasets/561bd5d4c751df5cbacdbb48/#resource-b3b36cf7-9b7d-4cca-823c-3e5832b191ac,csv,2019-05-13T18:25:30.713000,561bd5d4c751df5cbacdbb48,droit-dacces-indirect-taj-stic-judex,annual
53,ec84ec1d-93eb-4d35-99dc-ae496a34d3e4,Liste des contrôles réalisés par la CNIL en 2017,https://static.data.gouv.fr/resources/controles-realises-par-la-cnil/20180620-161327/OpenCnil_liste_controles_2017.csv,https://www.data.gouv.fr/datasets/555c431bc751df5800190c78/#resource-ec84ec1d-93eb-4d35-99dc-ae496a34d3e4,csv,2018-06-20T16:13:44.012000,555c431bc751df5800190c78,controles-realises-par-la-cnil,annual
54,67ef86ff-57ec-4350-89e6-5ecc393e0a51,Liste des contrôles réalisés par la CNIL en 2017,https://static.data.gouv.fr/resources/controles-realises-par-la-cnil/20180620-161159/OpenCnil_liste_controles_2017.xlsx,https://www.data.gouv.fr/datasets/555c431bc751df5800190c78/#resource-67ef86ff-57ec-4350-89e6-5ecc393e0a51,xlsx,2018-06-20T16:12:01.659000,555c431bc751df5800190c78,controles-realises-par-la-cnil,annual
55,555defefc751df4b6ec98e0f,Traitements de données personnelles déclarés à la CNIL avant le 25 mai 2018,,https://www.data.gouv.fr/datasets/555defefc751df4b6ec98e0f/,,2018-06-20T15:26:51.705000,555defefc751df4b6ec98e0f,traitements-de-donnees-personnelles-declares-a-la-cnil-avant-le-25-mai-2018,weekly
56,555b5673c751df4821190c78,Correspondants Informatique et Libertés (CIL),,https://www.data.gouv.fr/datasets/555b5673c751df4821190c78/,,2018-05-24T16:11:54.117000,555b5673c751df4821190c78,correspondants-informatique-et-libertes-cil,monthly
57,e7c6dca5-0be8-4dc5-961c-375f8ae61297,Organismes_avec_CIL.xlsx,https://static.data.gouv.fr/resources/correspondants-informatique-et-libertes-cil/20180524-160154/OpenCNIL_Organismes_avec_CIL_VD_20180523.xlsx,https://www.data.gouv.fr/datasets/555b5673c751df4821190c78/#resource-e7c6dca5-0be8-4dc5-961c-375f8ae61297,xlsx,2018-05-24T16:02:01.468000,555b5673c751df4821190c78,correspondants-informatique-et-libertes-cil,monthly
58,09511ebe-ebba-4724-9868-2ce5a64e5171,Organismes_avec_CIL.csv,https://static.data.gouv.fr/resources/correspondants-informatique-et-libertes-cil/20180524-160058/OpenCNIL_Organismes%20avec%20CIL_VD_20180523.csv,https://www.data.gouv.fr/datasets/555b5673c751df4821190c78/#resource-09511ebe-ebba-4724-9868-2ce5a64e5171,csv,2018-05-24T16:01:04.173000,555b5673c751df4821190c78,correspondants-informatique-et-libertes-cil,monthly
59,53ca2dc6a3a7294a1ddd7848,Les délibérations de la CNIL,,https://www.data.gouv.fr/datasets/53ca2dc6a3a7294a1ddd7848/,,2017-07-26T10:14:06.207000,53ca2dc6a3a7294a1ddd7848,les-deliberations-de-la-cnil,monthly
60,e1e5ab3b-301f-431d-8cfc-dd73c05a52f8,Liste des contrôles réalisés par la CNIL en 2016,https://static.data.gouv.fr/resources/controles-realises-par-la-cnil/20170330-170209/OpenCNIL_liste_controles_2016.csv,https://www.data.gouv.fr/datasets/555c431bc751df5800190c78/#resource-e1e5ab3b-301f-431d-8cfc-dd73c05a52f8,csv,2017-03-30T17:05:21.543000,555c431bc751df5800190c78,controles-realises-par-la-cnil,annual
61,824481b4-449f-4a60-a093-390b2c788f07,Liste des contrôles réalisés par la CNIL en 2016,https://static.data.gouv.fr/resources/controles-realises-par-la-cnil/20170330-170112/OpenCNIL_liste_controles_2016.xlsx,https://www.data.gouv.fr/datasets/555c431bc751df5800190c78/#resource-824481b4-449f-4a60-a093-390b2c788f07,xlsx,2017-03-30T17:04:19.852000,555c431bc751df5800190c78,controles-realises-par-la-cnil,annual
62,4a5883cd-7499-4b2f-a0fe-64c4f3088856,Liste des contrôles réalisés par la CNIL en 2015,https://static.data.gouv.fr/resources/controles-realises-par-la-cnil/20160503-163839/OpenCNIL_liste_controles_2015.csv,https://www.data.gouv.fr/datasets/555c431bc751df5800190c78/#resource-4a5883cd-7499-4b2f-a0fe-64c4f3088856,csv,2016-05-03T16:38:44.760000,555c431bc751df5800190c78,controles-realises-par-la-cnil,annual
63,b202d3a9-3ba8-44e7-8ca8-0a81d6421ce9,Liste des contrôles réalisés par la CNIL en 2015,https://static.data.gouv.fr/resources/controles-realises-par-la-cnil/20160503-163810/OpenCNIL_liste_controles_2015.xlsx,https://www.data.gouv.fr/datasets/555c431bc751df5800190c78/#resource-b202d3a9-3ba8-44e7-8ca8-0a81d6421ce9,xlsx,2016-05-03T16:38:23.365000,555c431bc751df5800190c78,controles-realises-par-la-cnil,annual
64,440172f8-46b9-435c-a222-1b7c43c35c41,Liste des contrôles réalisés par la CNIL en 2014,https://static.data.gouv.fr/resources/controles-realises-par-la-cnil/community/20150615-174337/OpenCNIL_Liste_controles_2014_VD_20150604.csv,https://www.data.gouv.fr/datasets/555c431bc751df5800190c78/#resource-440172f8-46b9-435c-a222-1b7c43c35c41,csv,2015-06-15T17:43:41.063000,555c431bc751df5800190c78,controles-realises-par-la-cnil,annual
65,5003f4d3-501b-4a8a-b494-8cc1bd55064d,Liste des contrôles réalisés par la CNIL en 2014,https://static.data.gouv.fr/resources/controles-realises-par-la-cnil/community/20150615-174016/OpenCNIL_Liste_controles_2014_VD_20150604.xlsx,https://www.data.gouv.fr/datasets/555c431bc751df5800190c78/#resource-5003f4d3-501b-4a8a-b494-8cc1bd55064d,xlsx,2015-06-15T17:40:24.076000,555c431bc751df5800190c78,controles-realises-par-la-cnil,annual
